{
  "timestamp": "2025-07-31T08:58:05.390793",
  "summary": {
    "risk_level": "HIGH",
    "var_95": -2.8412798068674894,
    "max_drawdown": -27.992948159722218,
    "sharpe_ratio": 0.49495452775930804,
    "volatility": 30.088809258879657
  },
  "stress_tests": {
    "market_crash_2008": {
      "shock_percentage": -20.0,
      "portfolio_impact": -20.0,
      "estimated_recovery_days": 10.551768752166716,
      "stressed_portfolio_value": 9571.871600227876
    },
    "flash_crash": {
      "shock_percentage": -10.0,
      "portfolio_impact": -9.999999999999991,
      "estimated_recovery_days": 5.275884376083358,
      "stressed_portfolio_value": 10768.355550256361
    },
    "covid_crash_2020": {
      "shock_percentage": -35.0,
      "portfolio_impact": -35.0,
      "estimated_recovery_days": 18.46559531629175,
      "stressed_portfolio_value": 7777.145675185149
    },
    "mild_correction": {
      "shock_percentage": -5.0,
      "portfolio_impact": -5.000000000000011,
      "estimated_recovery_days": 2.637942188041679,
      "stressed_portfolio_value": 11366.597525270601
    }
  },
  "monte_carlo": {
    "n_simulations": 1000,
    "n_days_projected": 252,
    "current_value": 11964.839500284845,
    "mean_projected_value": 14135.583237243212,
    "percentiles": {
      "p5": 8384.91969374087,
      "p25": 11092.32096473014,
      "p50": 13519.271602212433,
      "p75": 16543.779777406802,
      "p95": 22059.88608703427
    },
    "probability_of_loss": 33.7,
    "best_case": 33160.27867103898,
    "worst_case": 5540.194556979369
  },
  "recommendations": [
    "\ud83d\udd34 Volatilit\u00e0 molto alta: Considera riduzione position sizing",
    "\ud83d\udd34 Max drawdown critico: Implementa stop loss pi\u00f9 stringenti",
    "\ud83d\udd34 Sharpe ratio basso: Strategia non efficiente risk-adjusted",
    "\ud83d\udca1 Mantieni diversificazione appropriate",
    "\ud83d\udcca Monitora correlazioni tra posizioni"
  ],
  "metrics": {
    "total_return": 19.648395002848428,
    "annual_return": 13.184709837847365,
    "volatility": 30.088809258879657,
    "win_rate": 52.602739726027394,
    "avg_win": 1.4863489983186597,
    "avg_loss": -1.5169276881883873,
    "profit_factor": 1.0937767766467645,
    "total_trades": 365,
    "winning_trades": "192",
    "losing_trades": "173",
    "var_95": -2.8412798068674894,
    "var_99": -3.8894273770787517,
    "cvar_95": -3.6518902649155494,
    "cvar_99": -4.886861972708659,
    "sharpe_ratio": 0.49495452775930804,
    "sortino_ratio": 0.859733990109721,
    "skewness": 0.16298480598537074,
    "kurtosis": 0.5972773078259856,
    "max_drawdown": -27.992948159722218,
    "avg_drawdown_duration": 26.46153846153846,
    "max_drawdown_duration": 203,
    "calmar_ratio": 0.6034588526075533,
    "sterling_ratio": 0.6034588526075533,
    "rolling_sharpe_mean": 0.6093844728959896,
    "rolling_sharpe_std": 2.8941505799419325,
    "rolling_volatility_mean": 30.128635288526645,
    "rolling_volatility_std": 4.3241981118878385,
    "performance_consistency": 0.25679541134100453,
    "is_normal_distribution": "True",
    "normality_p_value": 0.05156956897190337,
    "tail_ratio": 1.1069341593927453,
    "percentile_1": -3.8894273770787517,
    "percentile_5": -2.8412798068674894,
    "percentile_10": -2.3672634609899013,
    "percentile_25": -1.25665846514742,
    "percentile_50": 0.14114367980762044,
    "percentile_75": 1.301334695530021,
    "percentile_90": 2.329839889562502,
    "percentile_95": 3.1451096746144462,
    "percentile_99": 4.520337369041705,
    "omega_ratio": 1.0937767766467645,
    "pain_index": 0.7148261982695963,
    "ulcer_index": 15.95810069082901,
    "martin_ratio": 1.0585590794822297
  }
}