{
  "timestamp": "2025-07-31T10:12:19.057253",
  "summary": {
    "risk_level": "HIGH",
    "var_95": -2.810057587835704,
    "max_drawdown": -26.14926003078572,
    "sharpe_ratio": 0.7275821443105487,
    "volatility": 30.0553114097791
  },
  "stress_tests": {
    "market_crash_2008": {
      "shock_percentage": -20.0,
      "portfolio_impact": -20.0,
      "estimated_recovery_days": 10.563529121326924,
      "stressed_portfolio_value": 10598.658962353076
    },
    "flash_crash": {
      "shock_percentage": -10.0,
      "portfolio_impact": -10.0,
      "estimated_recovery_days": 5.281764560663462,
      "stressed_portfolio_value": 11923.49133264721
    },
    "covid_crash_2020": {
      "shock_percentage": -35.0,
      "portfolio_impact": -35.0,
      "estimated_recovery_days": 18.48617596232212,
      "stressed_portfolio_value": 8611.410406911875
    },
    "mild_correction": {
      "shock_percentage": -5.0,
      "portfolio_impact": -5.0,
      "estimated_recovery_days": 2.640882280331731,
      "stressed_portfolio_value": 12585.907517794278
    }
  },
  "monte_carlo": {
    "n_simulations": 1000,
    "n_days_projected": 252,
    "current_value": 13248.323702941345,
    "mean_projected_value": 16787.099649020955,
    "percentiles": {
      "p5": 10065.555159492986,
      "p25": 13181.507180943163,
      "p50": 16037.551472393465,
      "p75": 19719.711816301988,
      "p95": 26162.21764498867
    },
    "probability_of_loss": 25.5,
    "best_case": 39753.42374294439,
    "worst_case": 6479.502356376249
  },
  "recommendations": [
    "\ud83d\udd34 Volatilit\u00e0 molto alta: Considera riduzione position sizing",
    "\ud83d\udd34 Max drawdown critico: Implementa stop loss pi\u00f9 stringenti",
    "\ud83d\udfe1 Sharpe ratio migliorabile: Ottimizza risk-return profile",
    "\ud83d\udca1 Mantieni diversificazione appropriate",
    "\ud83d\udcca Monitora correlazioni tra posizioni"
  ],
  "metrics": {
    "total_return": 32.48323702941356,
    "annual_return": 21.36984711751957,
    "volatility": 30.0553114097791,
    "win_rate": 53.278688524590166,
    "avg_win": 1.493255919531558,
    "avg_loss": -1.5089405879037967,
    "profit_factor": 1.1351357316630166,
    "total_trades": 366,
    "winning_trades": "195",
    "losing_trades": "171",
    "var_95": -2.810057587835704,
    "var_99": -3.858869401264336,
    "cvar_95": -3.6218902649155464,
    "cvar_99": -4.8568619727086535,
    "sharpe_ratio": 0.7275821443105487,
    "sortino_ratio": 1.2747711369172674,
    "skewness": 0.16654170960629294,
    "kurtosis": 0.604319914757852,
    "max_drawdown": -26.14926003078572,
    "avg_drawdown_duration": 26.23076923076923,
    "max_drawdown_duration": 200,
    "calmar_ratio": 0.912748884494198,
    "sterling_ratio": 0.912748884494198,
    "rolling_sharpe_mean": 0.8595669233425306,
    "rolling_sharpe_std": 2.8992440500843766,
    "rolling_volatility_mean": 30.107666588344564,
    "rolling_volatility_std": 4.334871775217425,
    "performance_consistency": 0.2564599668949577,
    "is_normal_distribution": "False",
    "normality_p_value": 0.04762715087121814,
    "tail_ratio": 1.1294857103636182,
    "percentile_1": -3.858869401264336,
    "percentile_5": -2.810057587835704,
    "percentile_10": -2.334485019843507,
    "percentile_25": -1.225794022663476,
    "percentile_50": 0.14657568153656486,
    "percentile_75": 1.330560930173591,
    "percentile_90": 2.3583884546956146,
    "percentile_95": 3.1739198907592856,
    "percentile_99": 4.547853310224434,
    "omega_ratio": 1.1351357316630166,
    "pain_index": 0.7008740435618728,
    "ulcer_index": 14.244166256808633,
    "martin_ratio": 1.6756128434010484
  }
}